10001,Garcia,Garcia10001
10002,Lim,Lim10002
10003,Aquino,Aquino10003
10004,Reyes,Reyes10004
10005,Hernandez,Hernandez10005
10006,Villanueva,Villanueva10006
10007,SanJose,SanJose10007
10008,Romualdez,Romualdez10008
10009,Atienza,Atienza10009
10010,Alvaro,Alvaro10010
10011,Salcedo,Salcedo10011
10012,Lopez,Lopez10012
10013,Farala,Farala10013
10014,Martinez,Martinez10014
10015,Romualdez,Romualdez10015
10016,Mata,Mata10016
10017,DeLeon,DeLeon10017
10018,SanJose,SanJose10018
10019,Rosario,Rosario10019
10020,Bautista,Bautista10020
10021,Lazaro,Lazaro10021
10022,Delos Santos,Delos Santos10022
10023,Santos,Santos10023
10024,DelRosario,DelRosario10024
10025,Tolentino,Tolentino10025
10026,Gutierrez,Gutierrez10026
10027,Manalaysay,Manalaysay10027
10028,Villegas,Villegas10028
10029,Ramos,Ramos10029
10030,Maceda,Maceda10030
10031,Aguilar,Aguilar10031
10032,Castro,Castro10032
10033,Martinez,Martinez10033
10034,Santos,Santos10034